position_date,account_id,balance
2026-03-26,eda039d486306454,5017738.56
2026-03-26,30f7bd5736107dbd,6884060.32
2026-03-26,ac548de4e1d78aa1,3897499.13
2026-03-26,81d065924a64cafd,7344341.85
2026-03-26,c47617419b02ebcc,9173966.84
2026-03-26,19d05dd31ea4f22a,8220922.63
2026-03-26,534cac45cfea7c5c,8630851.02
2026-03-26,3ffd38ebf04cffdb,8707980.38
2026-03-26,bc40767a3ee5ff38,7522395.83
2026-03-26,dff3e6412def44c3,9740810.39
2026-03-26,5cc9de31802548ad,8330416.38
2026-03-26,92f18af5b3bb904b,6896098.74
2026-03-26,7db0da43299e2eec,8474181.22
2026-03-26,a8e2d256fa68288f,9444322.04
2026-03-26,ff8ff9eb88cd36d7,1568135.55
2026-03-26,d7d088753dc42f4a,1038705.24
2026-03-26,43cb5f86bcdb6ee1,6665985.16
2026-03-26,104ba9405b1a7130,9201956.16
2026-03-26,363a31c19f492858,4484726.99
2026-03-26,ddeb351034dc9fa1,5001663.32
2026-03-26,a5b9126c22def5d1,3788732.12
2026-03-26,9333a76a786197d7,7105708.45
2026-03-26,54e83fc33551ed70,1259392.51
2026-03-26,fd302aca067587c1,6004633.47
2026-03-26,167502a4097becf0,2663988.59
2026-03-26,0dda501a91365cc0,4314438.01
2026-03-26,4d5bc818245a63ef,2736812.92
2026-03-26,a8237f75bdb1baff,2205556.59
2026-03-26,5dba965b0de5866b,8255493.74
2026-03-26,0e1d707be79f4519,3746131.96
2026-03-26,87a0900b78829b74,7314292.02
2026-03-26,83807e78961df919,2471044.48
2026-03-26,b3a728c78585251e,4115517.73
2026-03-26,91efc75fcf6a49b2,2190803.02
2026-03-26,2d7494a8a0a2136c,7411793.4
2026-03-26,5fb59b1deb0f1fb2,7401201.34
2026-03-26,6d81ae439b505375,6308825.36
2026-03-26,73a03560442c55fc,6909420.9
2026-03-26,6cdd0c371652cea7,3755005.05
2026-03-26,6975a4cb077eeb42,4708550.0
2026-03-26,86c2cb14538a0bb5,7305423.84
2026-03-26,951dcb27f4757013,2508953.3
2026-03-26,1e92fba8725b9174,3375918.94
2026-03-26,19d00159ffe75103,1421560.5
2026-03-26,812cdb600e2a93fe,9228176.39
2026-03-26,95e97c39c8bdf71b,4771637.31
2026-03-26,7699fce444e93c17,3423645.99
2026-03-26,0a1b8b2db2be08bd,2373248.88
2026-03-26,85231814f070bf29,7382572.86
2026-03-26,c64b415d41a54614,9134606.4
2026-03-26,a3c66ef3ba35a233,2378386.75
2026-03-26,fcbda2eaa7bb7d82,7104620.73
2026-03-26,57577627fad418ad,5998268.42
2026-03-26,693ae5872b1d0b41,3747108.92
2026-03-26,26734a62c4783d94,9805059.58
2026-03-26,09b4d705bbab0195,3614035.81
2026-03-26,edb691bd3f026fe1,8068064.34
2026-03-26,00b0e21828129466,6483426.38
2026-03-26,4db49a08d593fca0,6714354.35
2026-03-26,a87eaa4d721aed29,8103659.47
2026-03-26,4c4a07f0802dcdd6,1923898.91
2026-03-26,deac0706983a178d,1629839.52
2026-03-26,63101f54c5f0bbb3,7117746.95
2026-03-26,15a006eaf4c9a1cd,8671870.08
2026-03-26,e78bbd876e0e450a,4103205.45
2026-03-26,e27585c4e20783b8,6872937.39
2026-03-26,f4468f8bfc6b03bf,6649967.16
2026-03-26,bf2e40349170bf04,7651660.43
2026-03-26,817a45b7ffef744a,5331651.3
2026-03-26,419b9ac41a9265b1,1171649.2
2026-03-26,4e39cb1e217485aa,7533842.16
2026-03-26,b7677b509f45c780,6095014.46
2026-03-26,f9be0d71f05fd40b,4036100.47
2026-03-26,b739a100f0112205,9350644.12
2026-03-26,6271572556acdbbe,6700730.08
2026-03-26,14a1868b2de95991,6899156.52
2026-03-26,fd1ae6d7bca4ff4a,6632032.59
2026-03-26,58abd00b2299dd52,3109183.33
2026-03-26,430d0ed19d31fc34,1914227.84
2026-03-26,6fa07893024a6fc8,9787746.76
2026-03-26,b9f12a8130e95a33,7083764.61
2026-03-26,3fe9ba5e2e45de0b,1478288.75
2026-03-26,ac5845c125c19ffb,1667342.72
2026-03-26,e0e69cc2834b018d,8119812.73
2026-03-26,0639e613f3f4cbdb,2479914.16
2026-03-26,c0f69e6dd958cd13,8315887.85
2026-03-26,8b69ff5435d8418f,4012320.03
2026-03-26,fa364d0c2e1f32b2,9931809.33
2026-03-26,fe58af37e2757fee,1170402.21
2026-03-26,3beb983542b76b2d,9315449.87
2026-03-26,ede5819703e5f188,8974339.24
2026-03-26,b6f4d5c2b72148fe,9968213.38
2026-03-26,130df414ce5182a2,2765281.02
2026-03-26,e3e6ba3d6d41b16e,1159607.21
2026-03-26,09a1ce7c45e9141f,6856547.16
2026-03-26,2e528213959ea7c8,4820821.8
2026-03-26,8291031f519f7885,7553930.89
2026-03-26,3e5f50941c040163,8985251.58
2026-03-26,0c00388fb92f2b53,6920934.18
2026-03-26,f3146153bd30e0c9,9015952.48
2026-03-26,6e35ab5cde1386c1,4867719.43
2026-03-26,647d1436ef566e61,3812023.02
2026-03-26,487e5bdb054ba77f,4997555.27
2026-03-26,468ce616931227ea,9684579.92
2026-03-26,8937cc920b179396,9793072.52
2026-03-26,e7b3b674926c8eea,6542737.53
2026-03-26,cfb82917379db064,3979934.21
2026-03-26,c6e2b28a3f0bcbd7,6637320.06
2026-03-26,fa063a3f6a84a442,1240293.88
2026-03-26,cf721676d304e105,4548616.85
2026-03-26,4753af9ba10af895,1437988.86
2026-03-26,431c76bedcdbaefa,6438399.55
2026-03-26,d2a1844df9f8667d,9857039.67
2026-03-26,6da646e5adc3322c,3415962.53
2026-03-26,f077a64ab5cc21c0,9472337.13
2026-03-26,911d5600bcf6a180,3911466.42
2026-03-26,c5186584420220b5,4434167.15
2026-03-26,099a6ccb4862e930,8294876.52
2026-03-26,d9f8ec28c115ab6d,5069916.46
2026-03-26,e001876d58f4ecf1,2916738.34
2026-03-26,f5c760e4672a1fc4,7752272.34
2026-03-26,7a8f81716164569f,3912121.48
2026-03-26,cb4e4590e553c68b,9506762.53
2026-03-26,6421bf2e516d54a7,4781167.02
2026-03-26,16518417807146b2,7164400.06
2026-03-26,6e1bd8a31bbc3fcd,6323693.0
2026-03-26,e45ba5eb2df45ebe,4888057.16
2026-03-26,fa4fea88b3545321,7800200.24
2026-03-26,cbd05538544b6d22,7507111.81
2026-03-26,6170d1485213cf7a,8495575.92
2026-03-26,c4e5fe6216d633d2,1509596.66
2026-03-26,16d1896940801706,1204278.86
2026-03-26,e8ad66abac9e8a7e,3561347.81
2026-03-26,8951b67542628a94,9241838.23
2026-03-26,ced49ccd5f26a950,4069168.87
2026-03-26,eaaaf8927a9cee22,2615928.97
2026-03-26,f5819239ad85d9f0,6487691.27
2026-03-26,1667fbe54fff8ad9,6578700.6
2026-03-26,536c648e5a8eb095,9099124.73
2026-03-26,d46a26464210ad8a,9594294.82
2026-03-26,5048bd8668f06967,7172318.63
2026-03-26,7eed1b4f12a27801,8668540.39
2026-03-26,3b8c497da8216091,6850758.05
2026-03-26,121fa68736a6e37e,6492110.49
2026-03-26,c80c2df95ebec0fa,4327508.37
2026-03-26,7c85106bfc66204f,2826669.23
2026-03-26,3bb6c4281a33859d,2221573.49
2026-03-26,2a7bd303ef15245b,2898296.67
2026-03-26,ef30c11187f74a7b,4047913.02
2026-03-26,ca37c43202f3afdb,9210894.85
2026-03-27,eda039d486306454,6294533.42
2026-03-27,30f7bd5736107dbd,6348633.75
2026-03-27,ac548de4e1d78aa1,6788719.88
2026-03-27,81d065924a64cafd,4123444.49
2026-03-27,c47617419b02ebcc,5377828.35
2026-03-27,19d05dd31ea4f22a,7927366.54
2026-03-27,534cac45cfea7c5c,6332411.75
2026-03-27,3ffd38ebf04cffdb,3651272.83
2026-03-27,bc40767a3ee5ff38,6447795.99
2026-03-27,dff3e6412def44c3,5105628.12
2026-03-27,5cc9de31802548ad,7369044.87
2026-03-27,92f18af5b3bb904b,9974872.91
2026-03-27,7db0da43299e2eec,1678077.14
2026-03-27,a8e2d256fa68288f,8263155.05
2026-03-27,ff8ff9eb88cd36d7,9445774.97
2026-03-27,d7d088753dc42f4a,1296438.82
2026-03-27,43cb5f86bcdb6ee1,6547141.43
2026-03-27,104ba9405b1a7130,6178979.38
2026-03-27,363a31c19f492858,6265484.31
2026-03-27,ddeb351034dc9fa1,1153733.0
2026-03-27,a5b9126c22def5d1,8797499.93
2026-03-27,9333a76a786197d7,4977539.84
2026-03-27,54e83fc33551ed70,2382226.17
2026-03-27,fd302aca067587c1,1149251.55
2026-03-27,167502a4097becf0,5608004.91
2026-03-27,0dda501a91365cc0,7408573.11
2026-03-27,4d5bc818245a63ef,8425611.16
2026-03-27,a8237f75bdb1baff,5895637.53
2026-03-27,5dba965b0de5866b,2352616.54
2026-03-27,0e1d707be79f4519,3714634.22
2026-03-27,87a0900b78829b74,9120649.32
2026-03-27,83807e78961df919,7993706.87
2026-03-27,b3a728c78585251e,7918428.41
2026-03-27,91efc75fcf6a49b2,4194973.48
2026-03-27,2d7494a8a0a2136c,7428364.0
2026-03-27,5fb59b1deb0f1fb2,1428692.48
2026-03-27,6d81ae439b505375,3312350.15
2026-03-27,73a03560442c55fc,4622571.61
2026-03-27,6cdd0c371652cea7,9429730.27
2026-03-27,6975a4cb077eeb42,8804446.35
2026-03-27,86c2cb14538a0bb5,1448216.75
2026-03-27,951dcb27f4757013,9008348.65
2026-03-27,1e92fba8725b9174,1377986.13
2026-03-27,19d00159ffe75103,1362551.71
2026-03-27,812cdb600e2a93fe,7183401.8
2026-03-27,95e97c39c8bdf71b,9340200.72
2026-03-27,7699fce444e93c17,8794575.22
2026-03-27,0a1b8b2db2be08bd,4625341.44
2026-03-27,85231814f070bf29,3867671.22
2026-03-27,c64b415d41a54614,4441709.06
2026-03-27,a3c66ef3ba35a233,1357556.34
2026-03-27,fcbda2eaa7bb7d82,9047750.0
2026-03-27,57577627fad418ad,1662574.48
2026-03-27,693ae5872b1d0b41,8182479.32
2026-03-27,26734a62c4783d94,6717365.78
2026-03-27,09b4d705bbab0195,3736088.74
2026-03-27,edb691bd3f026fe1,3452790.38
2026-03-27,00b0e21828129466,4885933.98
2026-03-27,4db49a08d593fca0,8824455.44
2026-03-27,a87eaa4d721aed29,4050914.02
2026-03-27,4c4a07f0802dcdd6,3212484.8
2026-03-27,deac0706983a178d,2017402.03
2026-03-27,63101f54c5f0bbb3,8714865.85
2026-03-27,15a006eaf4c9a1cd,2448238.11
2026-03-27,e78bbd876e0e450a,2960122.9
2026-03-27,e27585c4e20783b8,4382470.91
2026-03-27,f4468f8bfc6b03bf,7870479.45
2026-03-27,bf2e40349170bf04,7163830.65
2026-03-27,817a45b7ffef744a,1662103.66
2026-03-27,419b9ac41a9265b1,9091120.4
2026-03-27,4e39cb1e217485aa,9126645.44
2026-03-27,b7677b509f45c780,8850728.88
2026-03-27,f9be0d71f05fd40b,3283158.36
2026-03-27,b739a100f0112205,8177001.35
2026-03-27,6271572556acdbbe,5521144.09
2026-03-27,14a1868b2de95991,7877147.47
2026-03-27,fd1ae6d7bca4ff4a,7935361.61
2026-03-27,58abd00b2299dd52,9524964.77
2026-03-27,430d0ed19d31fc34,6923381.32
2026-03-27,6fa07893024a6fc8,8205334.77
2026-03-27,b9f12a8130e95a33,9214329.96
2026-03-27,3fe9ba5e2e45de0b,9153361.31
2026-03-27,ac5845c125c19ffb,2560448.84
2026-03-27,e0e69cc2834b018d,5253201.54
2026-03-27,0639e613f3f4cbdb,9340148.96
2026-03-27,c0f69e6dd958cd13,2525817.9
2026-03-27,8b69ff5435d8418f,8852130.66
2026-03-27,fa364d0c2e1f32b2,9517240.93
2026-03-27,fe58af37e2757fee,7126229.44
2026-03-27,3beb983542b76b2d,1123828.93
2026-03-27,ede5819703e5f188,7363287.16
2026-03-27,b6f4d5c2b72148fe,9355847.83
2026-03-27,130df414ce5182a2,5418792.8
2026-03-27,e3e6ba3d6d41b16e,5011510.09
2026-03-27,09a1ce7c45e9141f,4534580.9
2026-03-27,2e528213959ea7c8,2814585.8
2026-03-27,8291031f519f7885,3442384.65
2026-03-27,3e5f50941c040163,9086230.81
2026-03-27,0c00388fb92f2b53,2328279.7
2026-03-27,f3146153bd30e0c9,5248796.4
2026-03-27,6e35ab5cde1386c1,4620234.12
2026-03-27,647d1436ef566e61,1320399.77
2026-03-27,487e5bdb054ba77f,9792158.97
2026-03-27,468ce616931227ea,9566965.55
2026-03-27,8937cc920b179396,6652908.3
2026-03-27,e7b3b674926c8eea,6558296.18
2026-03-27,cfb82917379db064,4937858.57
2026-03-27,c6e2b28a3f0bcbd7,1464910.63
2026-03-27,fa063a3f6a84a442,7123241.0
2026-03-27,cf721676d304e105,5875773.53
2026-03-27,4753af9ba10af895,9669451.58
2026-03-27,431c76bedcdbaefa,9035906.46
2026-03-27,d2a1844df9f8667d,3932769.71
2026-03-27,6da646e5adc3322c,7119255.87
2026-03-27,f077a64ab5cc21c0,3973180.44
2026-03-27,911d5600bcf6a180,5044532.13
2026-03-27,c5186584420220b5,5752062.15
2026-03-27,099a6ccb4862e930,3589996.0
2026-03-27,d9f8ec28c115ab6d,2811283.26
2026-03-27,e001876d58f4ecf1,5402449.74
2026-03-27,f5c760e4672a1fc4,1684576.01
2026-03-27,7a8f81716164569f,8280492.77
2026-03-27,cb4e4590e553c68b,5918792.19
2026-03-27,6421bf2e516d54a7,2064760.99
2026-03-27,16518417807146b2,2232694.04
2026-03-27,6e1bd8a31bbc3fcd,5783528.01
2026-03-27,e45ba5eb2df45ebe,2805281.93
2026-03-27,fa4fea88b3545321,6622403.76
2026-03-27,cbd05538544b6d22,7287729.67
2026-03-27,6170d1485213cf7a,2896823.85
2026-03-27,c4e5fe6216d633d2,7314188.52
2026-03-27,16d1896940801706,1582358.45
2026-03-27,e8ad66abac9e8a7e,7314294.1
2026-03-27,8951b67542628a94,6508869.57
2026-03-27,ced49ccd5f26a950,3489455.19
2026-03-27,eaaaf8927a9cee22,5794139.93
2026-03-27,f5819239ad85d9f0,6485669.31
2026-03-27,1667fbe54fff8ad9,7208726.93
2026-03-27,536c648e5a8eb095,5546093.89
2026-03-27,d46a26464210ad8a,7068025.19
2026-03-27,5048bd8668f06967,5135692.34
2026-03-27,7eed1b4f12a27801,3309368.51
2026-03-27,3b8c497da8216091,7792560.94
2026-03-27,121fa68736a6e37e,2815952.24
2026-03-27,c80c2df95ebec0fa,7938625.64
2026-03-27,7c85106bfc66204f,9831875.36
2026-03-27,3bb6c4281a33859d,4249777.98
2026-03-27,2a7bd303ef15245b,5211344.7
2026-03-27,ef30c11187f74a7b,6812520.8
2026-03-27,ca37c43202f3afdb,4620244.25
2026-03-28,eda039d486306454,1138870.05
2026-03-28,30f7bd5736107dbd,7504437.73
2026-03-28,ac548de4e1d78aa1,3752067.37
2026-03-28,81d065924a64cafd,6569385.91
2026-03-28,c47617419b02ebcc,4050777.46
2026-03-28,19d05dd31ea4f22a,6939618.81
2026-03-28,534cac45cfea7c5c,6867879.95
2026-03-28,3ffd38ebf04cffdb,7249701.48
2026-03-28,bc40767a3ee5ff38,8003332.45
2026-03-28,dff3e6412def44c3,6999447.37
2026-03-28,5cc9de31802548ad,1936587.95
2026-03-28,92f18af5b3bb904b,3701590.69
2026-03-28,7db0da43299e2eec,3003686.54
2026-03-28,a8e2d256fa68288f,7652015.63
2026-03-28,ff8ff9eb88cd36d7,2664860.01
2026-03-28,d7d088753dc42f4a,6162264.19
2026-03-28,43cb5f86bcdb6ee1,9616252.15
2026-03-28,104ba9405b1a7130,2230308.42
2026-03-28,363a31c19f492858,3859236.53
2026-03-28,ddeb351034dc9fa1,7645722.9
2026-03-28,a5b9126c22def5d1,3407826.04
2026-03-28,9333a76a786197d7,7296795.5
2026-03-28,54e83fc33551ed70,9309370.83
2026-03-28,fd302aca067587c1,8502248.47
2026-03-28,167502a4097becf0,1250583.29
2026-03-28,0dda501a91365cc0,3303231.8
2026-03-28,4d5bc818245a63ef,1349004.27
2026-03-28,a8237f75bdb1baff,8996640.94
2026-03-28,5dba965b0de5866b,5630069.54
2026-03-28,0e1d707be79f4519,4547816.26
2026-03-28,87a0900b78829b74,3183204.44
2026-03-28,83807e78961df919,5737255.89
2026-03-28,b3a728c78585251e,4872445.9
2026-03-28,91efc75fcf6a49b2,8704850.25
2026-03-28,2d7494a8a0a2136c,3555074.95
2026-03-28,5fb59b1deb0f1fb2,2628797.44
2026-03-28,6d81ae439b505375,2842353.71
2026-03-28,73a03560442c55fc,1417714.47
2026-03-28,6cdd0c371652cea7,1853535.37
2026-03-28,6975a4cb077eeb42,8675082.26
2026-03-28,86c2cb14538a0bb5,2263598.33
2026-03-28,951dcb27f4757013,1860468.3
2026-03-28,1e92fba8725b9174,9481896.46
2026-03-28,19d00159ffe75103,6931510.08
2026-03-28,812cdb600e2a93fe,7146253.66
2026-03-28,95e97c39c8bdf71b,3676867.01
2026-03-28,7699fce444e93c17,4151660.37
2026-03-28,0a1b8b2db2be08bd,4109969.23
2026-03-28,85231814f070bf29,6758757.53
2026-03-28,c64b415d41a54614,6012497.02
2026-03-28,a3c66ef3ba35a233,5615289.87
2026-03-28,fcbda2eaa7bb7d82,1113855.31
2026-03-28,57577627fad418ad,5224734.01
2026-03-28,693ae5872b1d0b41,6026347.1
2026-03-28,26734a62c4783d94,6172180.81
2026-03-28,09b4d705bbab0195,3850509.93
2026-03-28,edb691bd3f026fe1,8662452.16
2026-03-28,00b0e21828129466,2610903.64
2026-03-28,4db49a08d593fca0,5700997.47
2026-03-28,a87eaa4d721aed29,4335571.26
2026-03-28,4c4a07f0802dcdd6,3273569.31
2026-03-28,deac0706983a178d,2104582.13
2026-03-28,63101f54c5f0bbb3,2749109.45
2026-03-28,15a006eaf4c9a1cd,2059602.62
2026-03-28,e78bbd876e0e450a,2348041.51
2026-03-28,e27585c4e20783b8,3692888.82
2026-03-28,f4468f8bfc6b03bf,9519634.26
2026-03-28,bf2e40349170bf04,7834102.78
2026-03-28,817a45b7ffef744a,3307894.16
2026-03-28,419b9ac41a9265b1,5460330.75
2026-03-28,4e39cb1e217485aa,7578921.23
2026-03-28,b7677b509f45c780,8924638.31
2026-03-28,f9be0d71f05fd40b,9243346.55
2026-03-28,b739a100f0112205,3672117.64
2026-03-28,6271572556acdbbe,1437132.79
2026-03-28,14a1868b2de95991,8482127.51
2026-03-28,fd1ae6d7bca4ff4a,5114327.96
2026-03-28,58abd00b2299dd52,6929293.08
2026-03-28,430d0ed19d31fc34,5858627.11
2026-03-28,6fa07893024a6fc8,2687063.24
2026-03-28,b9f12a8130e95a33,1315124.69
2026-03-28,3fe9ba5e2e45de0b,8467523.47
2026-03-28,ac5845c125c19ffb,6619473.74
2026-03-28,e0e69cc2834b018d,4707404.78
2026-03-28,0639e613f3f4cbdb,9609576.25
2026-03-28,c0f69e6dd958cd13,4440156.76
2026-03-28,8b69ff5435d8418f,1995164.97
2026-03-28,fa364d0c2e1f32b2,4174778.53
2026-03-28,fe58af37e2757fee,5636374.96
2026-03-28,3beb983542b76b2d,5172056.74
2026-03-28,ede5819703e5f188,8048777.1
2026-03-28,b6f4d5c2b72148fe,6063620.4
2026-03-28,130df414ce5182a2,4436842.88
2026-03-28,e3e6ba3d6d41b16e,8376253.06
2026-03-28,09a1ce7c45e9141f,2642415.19
2026-03-28,2e528213959ea7c8,9127072.72
2026-03-28,8291031f519f7885,2780199.44
2026-03-28,3e5f50941c040163,9180864.73
2026-03-28,0c00388fb92f2b53,6829594.53
2026-03-28,f3146153bd30e0c9,6217839.35
2026-03-28,6e35ab5cde1386c1,8980237.94
2026-03-28,647d1436ef566e61,2796889.55
2026-03-28,487e5bdb054ba77f,9546930.63
2026-03-28,468ce616931227ea,9226597.44
2026-03-28,8937cc920b179396,5905423.35
2026-03-28,e7b3b674926c8eea,9192156.55
2026-03-28,cfb82917379db064,8914831.48
2026-03-28,c6e2b28a3f0bcbd7,2583845.92
2026-03-28,fa063a3f6a84a442,7037444.34
2026-03-28,cf721676d304e105,4855360.08
2026-03-28,4753af9ba10af895,7343858.62
2026-03-28,431c76bedcdbaefa,1510939.64
2026-03-28,d2a1844df9f8667d,1750320.98
2026-03-28,6da646e5adc3322c,2228539.69
2026-03-28,f077a64ab5cc21c0,1034475.25
2026-03-28,911d5600bcf6a180,5049682.79
2026-03-28,c5186584420220b5,9753413.04
2026-03-28,099a6ccb4862e930,7535734.78
2026-03-28,d9f8ec28c115ab6d,8714186.31
2026-03-28,e001876d58f4ecf1,2967862.31
2026-03-28,f5c760e4672a1fc4,1367885.45
2026-03-28,7a8f81716164569f,1471115.67
2026-03-28,cb4e4590e553c68b,6353227.06
2026-03-28,6421bf2e516d54a7,8887146.0
2026-03-28,16518417807146b2,6535982.14
2026-03-28,6e1bd8a31bbc3fcd,1787317.85
2026-03-28,e45ba5eb2df45ebe,6210806.54
2026-03-28,fa4fea88b3545321,7498369.17
2026-03-28,cbd05538544b6d22,7222888.34
2026-03-28,6170d1485213cf7a,7436432.8
2026-03-28,c4e5fe6216d633d2,2251670.48
2026-03-28,16d1896940801706,8911404.31
2026-03-28,e8ad66abac9e8a7e,2976881.11
2026-03-28,8951b67542628a94,1757226.49
2026-03-28,ced49ccd5f26a950,5494754.75
2026-03-28,eaaaf8927a9cee22,9046088.45
2026-03-28,f5819239ad85d9f0,5490302.41
2026-03-28,1667fbe54fff8ad9,8400961.31
2026-03-28,536c648e5a8eb095,8836935.67
2026-03-28,d46a26464210ad8a,3239751.34
2026-03-28,5048bd8668f06967,8163346.95
2026-03-28,7eed1b4f12a27801,4639887.97
2026-03-28,3b8c497da8216091,4609114.01
2026-03-28,121fa68736a6e37e,6593675.43
2026-03-28,c80c2df95ebec0fa,4927718.98
2026-03-28,7c85106bfc66204f,8929573.31
2026-03-28,3bb6c4281a33859d,3102155.71
2026-03-28,2a7bd303ef15245b,9025766.56
2026-03-28,ef30c11187f74a7b,7678017.3
2026-03-28,ca37c43202f3afdb,9615510.24
2026-04-01,eda039d486306454,5774283.1
2026-04-01,30f7bd5736107dbd,4566139.63
2026-04-01,ac548de4e1d78aa1,9962566.74
2026-04-01,81d065924a64cafd,7680502.91
2026-04-01,c47617419b02ebcc,8657834.55
2026-04-01,19d05dd31ea4f22a,6947373.01
2026-04-01,534cac45cfea7c5c,6323644.48
2026-04-01,3ffd38ebf04cffdb,5280230.51
2026-04-01,bc40767a3ee5ff38,3771766.03
2026-04-01,dff3e6412def44c3,1915704.06
2026-04-01,5cc9de31802548ad,6865616.57
2026-04-01,92f18af5b3bb904b,8988074.92
2026-04-01,7db0da43299e2eec,8430799.39
2026-04-01,a8e2d256fa68288f,8737619.81
2026-04-01,ff8ff9eb88cd36d7,4691663.16
2026-04-01,d7d088753dc42f4a,5871104.61
2026-04-01,43cb5f86bcdb6ee1,1052384.68
2026-04-01,104ba9405b1a7130,8974556.82
2026-04-01,363a31c19f492858,3227206.69
2026-04-01,ddeb351034dc9fa1,3627190.1
2026-04-01,a5b9126c22def5d1,5398973.45
2026-04-01,9333a76a786197d7,4954982.84
2026-04-01,54e83fc33551ed70,7695404.61
2026-04-01,fd302aca067587c1,3267476.89
2026-04-01,167502a4097becf0,2648966.25
2026-04-01,0dda501a91365cc0,9907408.35
2026-04-01,4d5bc818245a63ef,6811971.93
2026-04-01,a8237f75bdb1baff,6188369.87
2026-04-01,5dba965b0de5866b,8932689.85
2026-04-01,0e1d707be79f4519,1944069.51
2026-04-01,87a0900b78829b74,8242223.37
2026-04-01,83807e78961df919,2556295.18
2026-04-01,b3a728c78585251e,1297023.6
2026-04-01,91efc75fcf6a49b2,4586104.91
2026-04-01,2d7494a8a0a2136c,4381026.12
2026-04-01,5fb59b1deb0f1fb2,6220659.42
2026-04-01,6d81ae439b505375,8491426.77
2026-04-01,73a03560442c55fc,4075961.05
2026-04-01,6cdd0c371652cea7,2169863.29
2026-04-01,6975a4cb077eeb42,5770838.7
2026-04-01,86c2cb14538a0bb5,1967961.04
2026-04-01,951dcb27f4757013,5176425.76
2026-04-01,1e92fba8725b9174,3266547.6
2026-04-01,19d00159ffe75103,4129416.22
2026-04-01,812cdb600e2a93fe,5030020.73
2026-04-01,95e97c39c8bdf71b,4098823.05
2026-04-01,7699fce444e93c17,4008696.77
2026-04-01,0a1b8b2db2be08bd,1871426.71
2026-04-01,85231814f070bf29,8302563.52
2026-04-01,c64b415d41a54614,2425035.77
2026-04-01,a3c66ef3ba35a233,2195624.3
2026-04-01,fcbda2eaa7bb7d82,7582093.63
2026-04-01,57577627fad418ad,4803851.41
2026-04-01,693ae5872b1d0b41,9096924.54
2026-04-01,26734a62c4783d94,7766429.01
2026-04-01,09b4d705bbab0195,8443237.97
2026-04-01,edb691bd3f026fe1,2028813.46
2026-04-01,00b0e21828129466,7862536.84
2026-04-01,4db49a08d593fca0,5766496.13
2026-04-01,a87eaa4d721aed29,2204489.87
2026-04-01,4c4a07f0802dcdd6,8927502.0
2026-04-01,deac0706983a178d,4396632.1
2026-04-01,63101f54c5f0bbb3,3160088.1
2026-04-01,15a006eaf4c9a1cd,7401009.71
2026-04-01,e78bbd876e0e450a,7484774.8
2026-04-01,e27585c4e20783b8,9541033.39
2026-04-01,f4468f8bfc6b03bf,9034770.68
2026-04-01,bf2e40349170bf04,5835752.98
2026-04-01,817a45b7ffef744a,3541556.72
2026-04-01,419b9ac41a9265b1,2861676.54
2026-04-01,4e39cb1e217485aa,4941545.28
2026-04-01,b7677b509f45c780,5820446.81
2026-04-01,f9be0d71f05fd40b,3685804.2
2026-04-01,b739a100f0112205,7133115.63
2026-04-01,6271572556acdbbe,2625964.46
2026-04-01,14a1868b2de95991,2917315.36
2026-04-01,fd1ae6d7bca4ff4a,3607878.67
2026-04-01,58abd00b2299dd52,4135557.03
2026-04-01,430d0ed19d31fc34,6016484.81
2026-04-01,6fa07893024a6fc8,6857166.77
2026-04-01,b9f12a8130e95a33,2940528.88
2026-04-01,3fe9ba5e2e45de0b,4802472.56
2026-04-01,ac5845c125c19ffb,5621657.4
2026-04-01,e0e69cc2834b018d,3725334.0
2026-04-01,0639e613f3f4cbdb,4852064.82
2026-04-01,c0f69e6dd958cd13,6791292.59
2026-04-01,8b69ff5435d8418f,7922242.25
2026-04-01,fa364d0c2e1f32b2,3115356.48
2026-04-01,fe58af37e2757fee,2377198.92
2026-04-01,3beb983542b76b2d,5224708.35
2026-04-01,ede5819703e5f188,3021766.37
2026-04-01,b6f4d5c2b72148fe,9185017.9
2026-04-01,130df414ce5182a2,8507116.55
2026-04-01,e3e6ba3d6d41b16e,9401127.26
2026-04-01,09a1ce7c45e9141f,1249737.39
2026-04-01,2e528213959ea7c8,5049619.49
2026-04-01,8291031f519f7885,3486021.35
2026-04-01,3e5f50941c040163,3382244.09
2026-04-01,0c00388fb92f2b53,6811614.2
2026-04-01,f3146153bd30e0c9,3075192.38
2026-04-01,6e35ab5cde1386c1,7848592.22
2026-04-01,647d1436ef566e61,8698642.21
2026-04-01,487e5bdb054ba77f,3003079.35
2026-04-01,468ce616931227ea,4811158.22
2026-04-01,8937cc920b179396,3159938.6
2026-04-01,e7b3b674926c8eea,2465686.81
2026-04-01,cfb82917379db064,2100432.49
2026-04-01,c6e2b28a3f0bcbd7,2385643.28
2026-04-01,fa063a3f6a84a442,9421128.61
2026-04-01,cf721676d304e105,7636208.47
2026-04-01,4753af9ba10af895,5491991.59
2026-04-01,431c76bedcdbaefa,7353191.68
2026-04-01,d2a1844df9f8667d,3309943.77
2026-04-01,6da646e5adc3322c,4272966.42
2026-04-01,f077a64ab5cc21c0,7205358.2
2026-04-01,911d5600bcf6a180,8878194.7
2026-04-01,c5186584420220b5,7269420.23
2026-04-01,099a6ccb4862e930,4991760.4
2026-04-01,d9f8ec28c115ab6d,8530566.06
2026-04-01,e001876d58f4ecf1,1236268.71
2026-04-01,f5c760e4672a1fc4,3569363.86
2026-04-01,7a8f81716164569f,1704834.72
2026-04-01,cb4e4590e553c68b,9487322.88
2026-04-01,6421bf2e516d54a7,4533539.13
2026-04-01,16518417807146b2,5030119.97
2026-04-01,6e1bd8a31bbc3fcd,1183810.42
2026-04-01,e45ba5eb2df45ebe,3686275.33
2026-04-01,fa4fea88b3545321,8282650.73
2026-04-01,cbd05538544b6d22,2249797.42
2026-04-01,6170d1485213cf7a,9915498.72
2026-04-01,c4e5fe6216d633d2,6253671.15
2026-04-01,16d1896940801706,8051989.89
2026-04-01,e8ad66abac9e8a7e,9667081.85
2026-04-01,8951b67542628a94,6454760.84
2026-04-01,ced49ccd5f26a950,4785587.94
2026-04-01,eaaaf8927a9cee22,6188958.08
2026-04-01,f5819239ad85d9f0,1498458.33
2026-04-01,1667fbe54fff8ad9,1509859.32
2026-04-01,536c648e5a8eb095,4996472.77
2026-04-01,d46a26464210ad8a,8639439.46
2026-04-01,5048bd8668f06967,1524567.24
2026-04-01,7eed1b4f12a27801,2906271.86
2026-04-01,3b8c497da8216091,7659004.21
2026-04-01,121fa68736a6e37e,9262031.69
2026-04-01,c80c2df95ebec0fa,4610706.36
2026-04-01,7c85106bfc66204f,8257527.09
2026-04-01,3bb6c4281a33859d,5987485.02
2026-04-01,2a7bd303ef15245b,4894089.55
2026-04-01,ef30c11187f74a7b,8812378.96
2026-04-01,ca37c43202f3afdb,4914404.57
2026-04-02,eda039d486306454,6525557.0
2026-04-02,30f7bd5736107dbd,1541333.18
2026-04-02,ac548de4e1d78aa1,8020055.98
2026-04-02,81d065924a64cafd,3471398.45
2026-04-02,c47617419b02ebcc,9444454.68
2026-04-02,19d05dd31ea4f22a,3223821.35
2026-04-02,534cac45cfea7c5c,3658303.83
2026-04-02,3ffd38ebf04cffdb,7514590.81
2026-04-02,bc40767a3ee5ff38,1368327.77
2026-04-02,dff3e6412def44c3,1945501.46
2026-04-02,5cc9de31802548ad,9580222.03
2026-04-02,92f18af5b3bb904b,2630249.71
2026-04-02,7db0da43299e2eec,6056606.26
2026-04-02,a8e2d256fa68288f,2725535.04
2026-04-02,ff8ff9eb88cd36d7,7672337.18
2026-04-02,d7d088753dc42f4a,2251588.6
2026-04-02,43cb5f86bcdb6ee1,9482137.88
2026-04-02,104ba9405b1a7130,8888893.93
2026-04-02,363a31c19f492858,7016417.47
2026-04-02,ddeb351034dc9fa1,4646457.02
2026-04-02,a5b9126c22def5d1,4520734.25
2026-04-02,9333a76a786197d7,3238062.37
2026-04-02,54e83fc33551ed70,4529691.42
2026-04-02,fd302aca067587c1,1099207.58
2026-04-02,167502a4097becf0,7033584.51
2026-04-02,0dda501a91365cc0,6718253.71
2026-04-02,4d5bc818245a63ef,7684082.63
2026-04-02,a8237f75bdb1baff,5211428.93
2026-04-02,5dba965b0de5866b,7557857.85
2026-04-02,0e1d707be79f4519,6375651.61
2026-04-02,87a0900b78829b74,3036537.95
2026-04-02,83807e78961df919,2340292.64
2026-04-02,b3a728c78585251e,9222194.09
2026-04-02,91efc75fcf6a49b2,9619544.28
2026-04-02,2d7494a8a0a2136c,6585971.11
2026-04-02,5fb59b1deb0f1fb2,9843874.65
2026-04-02,6d81ae439b505375,7736732.23
2026-04-02,73a03560442c55fc,6746046.34
2026-04-02,6cdd0c371652cea7,2908591.13
2026-04-02,6975a4cb077eeb42,2878317.44
2026-04-02,86c2cb14538a0bb5,9036163.25
2026-04-02,951dcb27f4757013,3331448.27
2026-04-02,1e92fba8725b9174,7358606.74
2026-04-02,19d00159ffe75103,8520152.23
2026-04-02,812cdb600e2a93fe,3299589.41
2026-04-02,95e97c39c8bdf71b,9953215.86
2026-04-02,7699fce444e93c17,1635400.8
2026-04-02,0a1b8b2db2be08bd,7176457.37
2026-04-02,85231814f070bf29,1958041.62
2026-04-02,c64b415d41a54614,1982766.91
2026-04-02,a3c66ef3ba35a233,6498736.23
2026-04-02,fcbda2eaa7bb7d82,9104399.65
2026-04-02,57577627fad418ad,9833822.87
2026-04-02,693ae5872b1d0b41,6206916.57
2026-04-02,26734a62c4783d94,6724649.51
2026-04-02,09b4d705bbab0195,5209718.86
2026-04-02,edb691bd3f026fe1,1551847.25
2026-04-02,00b0e21828129466,3889514.53
2026-04-02,4db49a08d593fca0,7684762.0
2026-04-02,a87eaa4d721aed29,4243258.07
2026-04-02,4c4a07f0802dcdd6,7180722.24
2026-04-02,deac0706983a178d,9884261.65
2026-04-02,63101f54c5f0bbb3,2388194.04
2026-04-02,15a006eaf4c9a1cd,3518871.06
2026-04-02,e78bbd876e0e450a,9639460.28
2026-04-02,e27585c4e20783b8,9140593.15
2026-04-02,f4468f8bfc6b03bf,9704335.24
2026-04-02,bf2e40349170bf04,9748346.45
2026-04-02,817a45b7ffef744a,1001967.98
2026-04-02,419b9ac41a9265b1,6485516.67
2026-04-02,4e39cb1e217485aa,1484552.05
2026-04-02,b7677b509f45c780,5466362.63
2026-04-02,f9be0d71f05fd40b,3355690.54
2026-04-02,b739a100f0112205,2840031.17
2026-04-02,6271572556acdbbe,1114463.16
2026-04-02,14a1868b2de95991,9325975.65
2026-04-02,fd1ae6d7bca4ff4a,9351132.07
2026-04-02,58abd00b2299dd52,8691955.32
2026-04-02,430d0ed19d31fc34,1388874.52
2026-04-02,6fa07893024a6fc8,2487253.93
2026-04-02,b9f12a8130e95a33,4147933.23
2026-04-02,3fe9ba5e2e45de0b,2015783.99
2026-04-02,ac5845c125c19ffb,6008875.96
2026-04-02,e0e69cc2834b018d,3014647.74
2026-04-02,0639e613f3f4cbdb,3115647.4
2026-04-02,c0f69e6dd958cd13,1540965.63
2026-04-02,8b69ff5435d8418f,5414263.37
2026-04-02,fa364d0c2e1f32b2,6567401.37
2026-04-02,fe58af37e2757fee,1826482.56
2026-04-02,3beb983542b76b2d,7768301.89
2026-04-02,ede5819703e5f188,3593733.51
2026-04-02,b6f4d5c2b72148fe,2079349.76
2026-04-02,130df414ce5182a2,6792844.5
2026-04-02,e3e6ba3d6d41b16e,1554875.97
2026-04-02,09a1ce7c45e9141f,6082100.71
2026-04-02,2e528213959ea7c8,8347520.19
2026-04-02,8291031f519f7885,5791838.44
2026-04-02,3e5f50941c040163,1484996.12
2026-04-02,0c00388fb92f2b53,5141212.07
2026-04-02,f3146153bd30e0c9,8177881.29
2026-04-02,6e35ab5cde1386c1,9902715.79
2026-04-02,647d1436ef566e61,1160476.88
2026-04-02,487e5bdb054ba77f,1896103.23
2026-04-02,468ce616931227ea,3177753.35
2026-04-02,8937cc920b179396,4117201.72
2026-04-02,e7b3b674926c8eea,6579459.25
2026-04-02,cfb82917379db064,7684049.47
2026-04-02,c6e2b28a3f0bcbd7,1537678.45
2026-04-02,fa063a3f6a84a442,1638718.4
2026-04-02,cf721676d304e105,6064743.65
2026-04-02,4753af9ba10af895,5661575.91
2026-04-02,431c76bedcdbaefa,5391786.03
2026-04-02,d2a1844df9f8667d,2646682.31
2026-04-02,6da646e5adc3322c,7588484.55
2026-04-02,f077a64ab5cc21c0,9855651.74
2026-04-02,911d5600bcf6a180,1153189.26
2026-04-02,c5186584420220b5,2659005.28
2026-04-02,099a6ccb4862e930,8020747.9
2026-04-02,d9f8ec28c115ab6d,8690682.07
2026-04-02,e001876d58f4ecf1,8070340.12
2026-04-02,f5c760e4672a1fc4,9670111.05
2026-04-02,7a8f81716164569f,7694323.86
2026-04-02,cb4e4590e553c68b,4670728.86
2026-04-02,6421bf2e516d54a7,3365790.16
2026-04-02,16518417807146b2,6434504.64
2026-04-02,6e1bd8a31bbc3fcd,2284780.16
2026-04-02,e45ba5eb2df45ebe,5701495.27
2026-04-02,fa4fea88b3545321,7515665.74
2026-04-02,cbd05538544b6d22,8793389.17
2026-04-02,6170d1485213cf7a,7652683.54
2026-04-02,c4e5fe6216d633d2,5432968.61
2026-04-02,16d1896940801706,8706454.96
2026-04-02,e8ad66abac9e8a7e,6059445.1
2026-04-02,8951b67542628a94,1908464.38
2026-04-02,ced49ccd5f26a950,4462906.17
2026-04-02,eaaaf8927a9cee22,7588102.75
2026-04-02,f5819239ad85d9f0,1217434.83
2026-04-02,1667fbe54fff8ad9,6279195.96
2026-04-02,536c648e5a8eb095,3316913.94
2026-04-02,d46a26464210ad8a,3155223.04
2026-04-02,5048bd8668f06967,8657906.26
2026-04-02,7eed1b4f12a27801,6597759.44
2026-04-02,3b8c497da8216091,3621205.88
2026-04-02,121fa68736a6e37e,6603416.91
2026-04-02,c80c2df95ebec0fa,6792816.37
2026-04-02,7c85106bfc66204f,4684278.67
2026-04-02,3bb6c4281a33859d,9801938.3
2026-04-02,2a7bd303ef15245b,6587068.05
2026-04-02,ef30c11187f74a7b,5778750.51
2026-04-02,ca37c43202f3afdb,4988299.86
